client_id,CI,IBS
2,0.9373641154923144,0.1674163347099891
1,0.9415204678362573,0.16153924918954804
Fed_IBS_client_1,0.9425709983541689,0.1635107649480125
Fed_IBS_client_2,0.940282724373345,0.1674163347099891
FED_CI_client_1,0.9437353363448542,0.1635107649480125
FED_CI_client_2,0.9409933421878569,0.1674163347099891
Federated_ibs_S,0.9355497978328465,0.15652158941281677
Federated_ci_S,0.935536315937194,0.15652158941281677
