client_id,CI,IBS


baseline,0.9370113578842738,0.15652158941281677

baseline,0.9370113578842738,0.15652158941281677
baseline,0.9370113578842738,0.15652158941281677
