client_id,CI,IBS
baseline,0.6047297297297297,0.16729514774988158
