client_id,CI,IBS
baseline,0.7482629609834314,0.05727654701159658
baseline,0.7482629609834314,0.05727654701159658
baseline,0.7482629609834314,0.05727654701159658
