client_id,CI,IBS

baseline,0.7808114314876244,0.21045171731718823

baseline,0.7808114314876244,0.21045171731718823