client_id,CI,IBS
baseline,0.6164241777504247,0.22788039966798354
baseline,0.6196373309118266,0.2278828143512577
