client_id,CI,IBS
baseline,0.6818079604227569,0.205719744876212
baseline,0.6818079604227569,0.205719744876212
