client_id,CI,IBS
baseline,0.6902144178412318,0.18088704947460105
baseline,0.6902144178412318,0.18088704947460105
