client_id,CI,IBS

baseline,0.8104418908353648,0.12989682176168527
baseline,0.8104418908353648,0.12989682176168527

